職業,スキル名,スキルタイプ,物理or魔法,最大レベル,係数初期値,係数上昇値,固定ダメージ初期値,固定ダメージ上昇値,ヒット数,最大ターゲット数,最大ターゲット数上昇値,攻撃力補正,属性攻撃補正,全ダメージ補正,クリティカルダメージ補正
S,【レジェンド】,攻撃,物理,50,3200,27,160,2,0,20,0,,,,
S,【レジェンド】,攻撃,物理,50,11000,120,0,0,0,20,0,,,,
S,【レジェンド】,攻撃,魔法,50,3200,27,160,2,0,20,0,,,,
S,【レジェンド】,攻撃,魔法,50,11000,120,0,0,0,20,0,,,,
S,【レジェンド】,召喚,物理,50,200,0,100,0,,,,100,100,100,100
S,【レジェンドⅡ】,攻撃,物理,50,4000,34,160,2,0,20,0,,,,
S,【レジェンドⅡ】,攻撃,魔法,50,4000,34,160,2,0,20,0,,,,
S,【レジェンドⅡ】,召喚,物理,50,200,0,100,0,,,,100,100,100,100
S,【レジェンドⅡ 】,攻撃,物理,50,4000,34,160,2,0,20,0,,,,
S,閃光斬,召喚,魔法,5,200,0,100,0,,,,110,110,110,110
S,閃光斬,攻撃,物理,5,2700,540,0,0,0,12,0,,,,
S,閃光斬,召喚,物理,5,200,0,100,0,,,,114,114,114,114
S,抜刀・鬼狩り,攻撃,物理,5,7000,1400,0,0,0,13,0,,,,
S,抜刀・鬼狩り,攻撃,物理,5,9000,1800,0,0,0,13,0,,,,
S,抜刀・鬼狩り,攻撃,物理,5,9000,1800,0,0,0,14,0,,,,
S,渦流斬り,攻撃,物理,5,3400,680,0,0,0,12,0,,,,
S,抜刀・波斬り,攻撃,物理,5,6000,1200,0,0,0,13,0,,,,
S,抜刀・波斬り,攻撃,物理,5,6000,1200,0,0,0,14,0,,,,
S,落下斬,攻撃,物理,5,2350,470,0,0,0,11,0,,,,
S,抜刀・暴風斬,攻撃,物理,5,10000,2000,0,0,0,13,0,,,,
S,抜刀・暴風斬,攻撃,物理,5,10000,2000,0,0,0,14,0,,,,
S,抜刀・暴風斬,攻撃,物理,5,7000,1400,0,9,0,14,0,,,,
S,[インフィニティ]一刀両断,攻撃,物理,5,1000,500,0,10,0,13,0,,,,
S,紅葉掃い,攻撃,物理,5,3800,760,0,0,0,12,0,,,,
S,紅葉掃い,攻撃,物理,5,3800,760,0,0,0,13,0,,,,
アグニ,マグマブラスト,攻撃,物理,5,3000,600,40,65,0,12,0,,,,
アグニ,マグマブラスト,召喚,物理,5,200,0,100,0,,,,,,,
アグニ,マグマブラスト,攻撃,物理,5,3000,600,40,65,0,13,0,,,,
アグニ,インフェルノ,攻撃,物理,5,4500,900,50,100,0,12,0,,,,
アグニ,インフェルノ,召喚,物理,5,200,0,100,0,,,,,,,
アグニ,マグマスピアー,攻撃,物理,5,4000,800,50,107,0,12,0,,,,
アグニ,マグマスピアー,召喚,物理,5,200,0,100,0,,,,,,,
アグニ,マグマスピアー,攻撃,物理,5,4000,800,50,107,0,11,0,,,,
アグニ,[インフィニティ]メルトダウン,召喚,物理,5,200,0,100,0,,,,,,,
アグニ,[インフィニティ]メルトダウン,攻撃,物理,5,1000,500,50,110,0,13,0,,,,
アグニ,ギガンティックスラッシュ,攻撃,物理,5,3050,610,40,110,0,11,0,,,,
アグニ,フレイムショット,攻撃,物理,5,1200,240,40,55,0,11,0,,,,
アグニ,フレイムショット,召喚,物理,5,200,0,100,0,,,,,,,
アグニ,ギガンティックバースト,攻撃,物理,5,4250,850,40,380,0,12,0,,,,
アグニ,フレイムバースト,攻撃,物理,5,6500,1300,100,100,0,11,0,,,,
アグニ,フレイムバースト,召喚,物理,5,200,0,100,0,,,,,,,
アグニ,フレイムバースト,攻撃,物理,5,6500,1300,100,100,0,12,0,,,,
アグニ,ギガンティックスウィング,攻撃,物理,5,3000,600,50,100,0,11,0,,,,
アグニ,フレイムストライク,攻撃,物理,5,2000,400,200,200,0,11,0,,,,
アグニ,フレイムストライク,召喚,物理,5,200,0,100,0,,,,,,,
アグニ,ギガンティックストライク,攻撃,物理,5,6000,1200,30,85,0,13,0,,,,
アグニ,ギガンティックストライク,攻撃,物理,5,6000,1200,30,85,0,12,0,,,,
アグニ,ギガンティックラッシュ,攻撃,物理,5,4700,940,40,360,0,12,0,,,,
アークマスター,ワイルドカード,召喚,魔法,5,200,0,100,0,,,,110,110,110,110
アークマスター,エリミネート,攻撃,魔法,5,5000,1001,10,10,0,12,0,,,,
アークマスター,トゥインクル,攻撃,魔法,5,3200,640,50,30,0,10,0,,,,
アークマスター,トゥインクル,召喚,魔法,5,200,0,100,0,,,,120,120,120,120
アークマスター,シャイニングデッキ,攻撃,魔法,5,3900,780,80,20,0,11,0,,,,
アークマスター,フリーダムライト,攻撃,魔法,5,5000,1000,300,100,0,12,0,,,,
アークマスター,フリーダムライト,攻撃,魔法,5,5000,1000,390,130,0,12,0,,,,
アークマスター,フリーダムライト,攻撃,魔法,5,5000,1000,390,130,0,13,0,,,,
アークマスター,フリーダムライト,召喚,魔法,5,200,0,100,0,,,,118,118,118,118
アークマスター,バーストカード,攻撃,魔法,5,4250,850,20,20,0,12,0,,,,
アークマスター,リフレクション,攻撃,魔法,5,4000,800,45,27,0,11,0,,,,
アークマスター,リフレクション,召喚,魔法,5,200,0,100,0,,,,118,118,118,118
アークメイジ,セスティナ,攻撃,魔法,5,4000,800,0,10,0,13,0,,,,
アークメイジ,エアーボム,攻撃,魔法,5,3850,770,150,60,0,11,0,,,,
アークメイジ,天龍牙,攻撃,魔法,5,6000,1200,130,13,0,14,0,,,,
アークメイジ,幻炎煉獄,攻撃,魔法,5,3750,750,10,3,0,12,0,,,,
アークメイジ,幻炎煉獄,召喚,魔法,5,200,0,100,0,,,,118,118,118,118
アークメイジ,[インフィニティ]フレイムバンガード,攻撃,魔法,5,1000,500,150,50,0,13,0,,,,
アークメイジ,[インフィニティ]フレイムバンガード,召喚,魔法,5,200,0,100,0,,,,108,108,108,108
アークメイジ,幻炎招来,攻撃,魔法,5,2400,480,150,150,0,12,0,,,,
アークメイジ,トルネードスウィング,攻撃,魔法,5,1300,260,32,8,0,11,0,,,,
アークメイジ,ヘイルストーン,攻撃,魔法,5,1500,300,34,7,0,11,0,,,,
アークメイジ,ファイアウォール,攻撃,魔法,5,3500,700,50,40,0,12,0,,,,
アークメイジ,アースクエイク,攻撃,魔法,5,5500,1100,150,36,0,13,0,,,,
アークメイジ,ブラックホール,召喚,魔法,5,200,0,100,0,,,,112,112,112,112
アークメイジ,サイクロンカッター,攻撃,魔法,5,1200,240,12,4,0,11,0,,,,
アークメイジ,アイストラップ,攻撃,魔法,5,3420,684,156,208,0,11,0,,,,
アークメイジ,アイストラップ,召喚,魔法,5,200,0,60,0,,,,,,,
アークメイジ,アイストラップ,攻撃,魔法,5,3420,684,156,208,0,15,0,,,,
アークメイジ,アイストラップ,召喚,魔法,5,200,0,100,0,,,,110,110,110,110
アークメイジ,ストーンスピア,攻撃,魔法,5,5000,1000,130,16,0,14,0,,,,
アークメイジ,ストーンスピア,召喚,魔法,5,200,0,100,0,,,,110,110,110,110
ウィンディア,ウィンドストーム:リリース,攻撃,物理,5,2000,400,0,9,0,10,0,,,,
ウィンディア,ウィンドストーム:リリース,召喚,物理,5,200,0,100,0,,,,,,,
ウィンディア,ホイールウインド:リリース,召喚,物理,5,200,0,100,0,,,,,,,
ウィンディア,ストームショット:リリース,攻撃,物理,5,4500,900,0,9,0,11,0,,,,
ウィンディア,ストームショット:リリース,召喚,物理,5,200,0,100,0,,,,,,,
ウィンディア,フライングアタック:獲得,攻撃,物理,5,3600,720,0,9,0,11,0,,,,
ウィンディア,ウインドブレード:獲得,召喚,物理,5,200,0,100,0,,,,110,110,110,110
ウィンディア,テールウインド:獲得,攻撃,物理,5,3350,670,0,9,0,11,0,,,,
ウィンドストーカー,ペンオブナイフⅢ,攻撃,物理,5,4100,820,100,50,0,12,0,,,,
ウィンドストーカー,ペンオブナイフⅢ,攻撃,物理,5,4100,820,100,50,0,13,0,,,,
ウィンドストーカー,ペンオブナイフⅢ,召喚,物理,5,200,0,100,0,,,,,,,
ウィンドストーカー,クレイジースローⅣ,攻撃,物理,5,3500,700,60,60,0,12,0,,,,
ウィンドストーカー,光速斬,攻撃,物理,5,4750,950,525,225,0,12,0,,,,
ウィンドストーカー,光速斬,攻撃,物理,5,4750,950,525,225,0,13,0,,,,
ウィンドストーカー,シャイニングアローⅢ,攻撃,物理,5,2900,580,40,56,0,12,0,,,,
ウィンドストーカー,バードハンティング,攻撃,物理,5,3500,700,88,18,0,12,0,,,,
ウィンドストーカー,バードハンティング,召喚,物理,5,200,0,100,0,,,,110,110,110,110
ウィンドストーカー,アロートラップⅣ,召喚,物理,5,200,0,100,0,,,,,,,
ウィンドストーカー,マグナムキャノン,召喚,物理,5,200,0,100,0,,,,,,,
ウィンドストーカー,マグナムキャノン,攻撃,物理,5,3750,750,516,96,0,13,0,,,,
ウィンドストーカー,インフェルノ,召喚,物理,5,200,0,100,0,,,,,,,
ウィンドストーカー,インフェルノ,召喚,物理,5,200,0,100,0,,,,116,116,116,116
ウィンドストーカー,フレイムシャワーⅢ,召喚,物理,5,200,0,100,0,,,,,,,
ウィンドストーカー,[インフィニティ]マッドネスエクスプロージョン,攻撃,物理,5,1000,500,0,10,0,13,0,,,,
ウィンドストーカー,[インフィニティ]インフィニティダンス,攻撃,物理,5,2000,400,0,10,0,13,0,,,,
ウィンドストーカー,[インフィニティ]スフィアレイン,攻撃,物理,5,1000,500,150,10,0,13,0,,,,
ウィンドストーカー,三重殺,攻撃,物理,5,4500,900,100,50,0,11,0,,,,
ウィンドストーカー,三重殺,攻撃,物理,5,4500,900,100,50,0,12,0,,,,
ウィンドストーカー,ダークプレニック,攻撃,物理,5,6000,1200,20,18,0,10,0,,,,
ウィンドストーカー,ダークプレニック,攻撃,物理,5,6000,1200,20,18,0,13,0,,,,
ウィンドストーカー,バックステップアロー,攻撃,物理,5,6000,1200,900,210,0,13,0,,,,
ウィンドストーカー,バックステップアロー,攻撃,物理,5,5500,1100,900,210,0,10,0,,,,
ウィンドストーカー,ストリームショット,攻撃,物理,5,3500,700,0,34,0,11,0,,,,
ウィンドストーカー,マスカレード,攻撃,物理,5,5000,1000,20,30,0,12,0,,,,
ウィンドストーカー,ストームアロー,攻撃,物理,5,2700,540,80,20,0,11,0,,,,
ウィンドストーカー,ストームアロー,攻撃,物理,5,2700,540,80,20,0,12,0,,,,
ウィンドストーカー,ゴッドバードフィニッシュ,攻撃,物理,5,2750,550,750,136,0,12,0,,,,
ウィンドストーカー,ゴッドバードフィニッシュ,召喚,物理,5,200,0,100,0,,,,,,,
ウィンドストーカー,ローカスト,攻撃,物理,5,1400,280,50,70,0,10,0,,,,
ウィンドストーカー,投擲飛刀,攻撃,物理,5,3500,700,104,26,0,11,0,,,,
ウィンドストーカー,アローショット,攻撃,物理,5,4000,800,100,30,0,10,0,,,,
ウィンドストーカー,アローショット,攻撃,物理,5,4000,800,100,30,0,13,0,,,,
ウィンドストーカー,アローショット,召喚,物理,5,200,0,100,0,,,,120,120,120,120
ウィンドストーカー,ワイドショット,攻撃,物理,5,5500,1100,40,20,0,12,0,,,,
ウィンドストーカー,ワイドショット,召喚,物理,5,200,0,100,0,,,,110,110,110,110
ウィンドストーカー,ダークスピアーズ,攻撃,物理,5,5000,1000,516,102,0,12,0,,,,
ウィンドストーカー,ダークスピアーズ,攻撃,物理,5,5000,1000,516,102,0,13,0,,,,
ウィンドストーカー,リミッター解除,攻撃,物理,5,5500,1100,160,30,0,13,0,,,,
ウィンドストーカー,滿天花雨,攻撃,物理,5,5500,1100,480,60,0,13,0,,,,
ウィンドストーカー,滿天花雨,召喚,物理,5,200,0,100,0,,,,,,,
ウィンドストーカー,滿天花雨,攻撃,物理,5,5500,1100,480,60,0,12,0,,,,
ウィンドストーカー,アローブームⅢ,攻撃,物理,5,3150,630,150,75,0,12,0,,,,
ウィンドストーカー,アローブームⅢ,攻撃,物理,5,3150,630,100,100,0,12,0,,,,
ウィンドストーカー,アローブームⅢ,攻撃,物理,5,3150,630,150,75,0,13,0,,,,
ウィンドストーカー,アローブームⅢ,召喚,物理,5,200,0,100,0,,,,,,,
ウィンドストーカー,エスケープショット,攻撃,物理,5,5000,1000,450,375,0,13,0,,,,
ウィンドストーカー,エスケープショット,攻撃,物理,5,5000,1000,450,375,0,12,0,,,,
グランシンフォニア,楽聖のメロディー,召喚,魔法,5,200,0,100,0,,,,,,,
グランシンフォニア,音符の衝撃,召喚,魔法,5,200,0,100,0,,,,106,106,106,106
グランシンフォニア,[インフィニティ]セブンサイン,攻撃,魔法,5,1000,500,0,10,0,13,0,,,,
グランシンフォニア,エレクトリックショック,召喚,魔法,5,200,0,100,0,,,,106,106,106,106
グランシンフォニア,エレクトリックショック,召喚,魔法,5,200,0,100,0,,,,110,110,110,110
グランシンフォニア,悪魔の声,攻撃,魔法,5,4100,820,0,5,0,12,0,,,,
グランシンフォニア,悪魔の声,召喚,魔法,5,200,0,100,0,,,,106,106,106,106
グランシンフォニア,華美の演奏,攻撃,魔法,5,2800,560,50,20,0,0,0,,,,
グランシンフォニア,華美の演奏,攻撃,魔法,5,2800,560,50,20,0,11,0,,,,
ゲートキーパー,ライジングブレイド,召喚,物理,5,200,0,100,0,,,,110,110,110,110
ゲートキーパー,ライジングブレイド,召喚,物理,5,200,0,100,0,,,,104,104,104,104
ゲートキーパー,ライジングブレイド,攻撃,物理,5,2500,500,10,20,0,13,0,,,,
ゲートキーパー,ライジングブレイド,攻撃,物理,5,2500,500,10,20,0,11,0,,,,
ゲートキーパー,ツイストリング,召喚,物理,5,200,0,100,0,,,,110,110,110,110
ゲートキーパー,アーケインゲート,攻撃,物理,5,3600,720,10,20,0,11,0,,,,
ゲートキーパー,アーケインゲート,召喚,物理,5,200,0,100,0,,,,110,110,110,110
ゲートキーパー,[インフィニティ]ブルータルリング,攻撃,物理,5,1000,500,0,10,0,13,0,,,,
ゲートキーパー,リングスラッシュ,攻撃,物理,5,3150,630,10,20,0,11,0,,,,
ゲートキーパー,リングスラッシュ,召喚,物理,5,200,0,100,0,,,,114,114,114,114
ゲートキーパー,ビッグフット,攻撃,物理,5,5500,1100,10,20,0,13,0,,,,
ゲートキーパー,ビッグフット,召喚,物理,5,200,0,100,0,,,,110,110,110,110
ゲートキーパー,ターニングショット,攻撃,物理,5,4000,800,10,20,0,12,0,,,,
ゲートキーパー,ターニングショット,召喚,物理,5,200,0,100,0,,,,,,,
サイキッカー,[アウトファイター]ウェーブ,攻撃,物理,5,3100,620,0,6,0,12,0,,,,
サイキッカー,[アウトファイター]ウェーブ,召喚,物理,5,200,0,100,0,,,,103,103,103,103
サイキッカー,サイキッククラック,召喚,物理,5,200,0,100,0,,,,,,,
サイキッカー,[インファイター]フック,攻撃,物理,5,5500,1100,0,9,0,12,0,,,,
サイキッカー,[インファイター]フック,攻撃,物理,5,5500,1100,0,9,0,11,0,,,,
サイキッカー,[インファイター]アッパー,攻撃,物理,5,4900,980,0,9,0,12,0,,,,
サイキッカー,[インファイター]ワン・ツー,攻撃,物理,5,4900,980,0,9,0,12,0,,,,
シャドウウォーカー,ダークブロウ,攻撃,魔法,5,7500,1500,130,60,0,14,0,,,,
シャドウウォーカー,ダークスピリッツ,攻撃,魔法,5,3500,700,90,60,0,13,0,,,,
シャドウウォーカー,ダークスピリッツ,召喚,魔法,5,200,0,100,0,,,,114,114,114,114
シャドウウォーカー,ダークスピリッツ,攻撃,魔法,5,6500,1300,130,60,0,15,0,,,,
シャドウウォーカー,ダークスピリッツ,召喚,魔法,5,200,0,100,0,,,,,,,
シャドウウォーカー,ダブルピアス,攻撃,魔法,5,2500,500,120,60,0,10,0,,,,
シャドウウォーカー,リーフアタック,攻撃,魔法,5,3500,700,90,60,0,10,0,,,,
シャドウウォーカー,クラッシュ,攻撃,魔法,5,4000,800,60,60,0,13,0,,,,
シャドウウォーカー,クラッシュ,召喚,魔法,5,200,0,100,0,,,,,,,
シャドウウォーカー,ダークピアス,攻撃,魔法,5,6000,1200,130,60,0,15,0,,,,
シャドウウォーカー,スパート,召喚,魔法,5,200,0,100,0,,,,103,103,103,103
シャドウウォーカー,スパート,召喚,魔法,5,200,0,100,0,,,,102,102,102,102
ジャッジメント,アサルトラッシュ,攻撃,物理,5,3750,750,0,5,0,11,0,,,,
ジャッジメント,アサルトラッシュ,攻撃,物理,5,3750,750,0,5,0,13,0,,,,
ジャッジメント,アサルトラッシュ,攻撃,物理,5,3750,750,0,5,0,10,0,,,,
ジャッジメント,スナイプ,攻撃,物理,5,6000,1200,0,8,0,11,0,,,,
ジャッジメント,スナイプ,攻撃,物理,5,6000,1200,0,8,0,12,0,,,,
ジャッジメント,スナイプ,攻撃,物理,5,6000,1200,0,8,0,13,0,,,,
ジャッジメント,スナイプ,攻撃,物理,5,6000,1200,0,8,0,14,0,,,,
ジャッジメント,ロールスナイプ,攻撃,物理,5,5000,1000,0,8,0,10,0,,,,
ジャッジメント,ロールスナイプ,攻撃,物理,5,5000,1000,0,8,0,12,0,,,,
ジャッジメント,ロールスナイプ,攻撃,物理,5,5000,1000,0,8,0,11,0,,,,
ジャッジメント,ロールスナイプ,召喚,物理,5,200,0,100,0,,,,110,110,110,110
ジャッジメント,ロールスナイプ,攻撃,物理,5,5000,1000,0,8,0,13,0,,,,
ジャッジメント,ギアスラッシュ,攻撃,物理,5,3000,600,0,9,0,12,0,,,,
ジャッジメント,ギアスラッシュ,攻撃,物理,5,3000,600,0,9,0,13,0,,,,
ジャッジメント,クルエルショット,攻撃,物理,5,3000,600,0,5,0,11,0,,,,
ジャッジメント,クルエルショット,攻撃,物理,5,3000,600,0,5,0,13,0,,,,
ジャッジメント,即決審判,攻撃,物理,5,3250,650,0,5,0,10,0,,,,
ジャッジメント,即決審判,攻撃,物理,5,3250,650,0,5,0,12,0,,,,
ジャッジメント,スリープショット,攻撃,物理,5,3000,600,0,5,0,12,0,,,,
ジャッジメント,スリープショット,召喚,物理,5,200,0,100,0,,,,108,108,108,108
ジャッジメント,スリープショット,召喚,物理,5,200,0,100,0,,,,,,,
ジャッジメント,ツイスター,攻撃,物理,5,3500,700,0,5,0,13,0,,,,
ジャッジメント,ツイスター,召喚,物理,5,200,0,100,0,,,,120,120,120,120
ジャッジメント,ツイスター,攻撃,物理,5,3500,700,0,5,0,12,0,,,,
ジュエルスター,エメラルド[グリーン],召喚,魔法,5,200,0,100,0,,,,106,106,106,106
ジュエルスター,エメラルド[グリーン],攻撃,魔法,5,4000,800,0,20,0,13,0,,,,
ジュエルスター,マジックスクエア[レインボー],攻撃,魔法,5,1550,310,0,20,0,11,0,,,,
ジュエルスター,マジックスクエア[レインボー],召喚,魔法,5,200,0,100,0,,,,100,100,100,100
ジュエルスター,マジックスクエア[レインボー],召喚,魔法,5,200,0,100,0,,,,,,,
ジュエルスター,フェニックス[レインボー],召喚,魔法,5,200,0,100,0,,,,103,103,103,103
ジュエルスター,フェニックス[レインボー],召喚,魔法,5,200,0,100,0,,,,112,112,112,112
ジュエルスター,フェニックス[レインボー],召喚,魔法,5,200,0,100,0,,,,106,106,106,106
ジュエルスター,フェニックス[レインボー],召喚,魔法,5,200,0,100,0,,,,110,110,110,110
ジュエルスター,テンテーション[レッド],召喚,魔法,5,200,0,100,0,,,,103,103,103,103
ジュエルスター,テンテーション[レッド],召喚,魔法,5,200,0,100,0,,,,112,112,112,112
ジュエルスター,テンテーション[レッド],召喚,魔法,5,200,0,100,0,,,,110,110,110,110
ジュエルスター,アメシスト[パープル],召喚,魔法,5,200,0,100,0,,,,100,100,100,100
ジュエルスター,ディスカバリー[グリーン],召喚,魔法,5,200,0,100,0,,,,106,106,106,106
ジュエルスター,ディスカバリー[グリーン],召喚,魔法,5,200,0,100,0,,,,110,110,110,110
ジュエルスター,ガーネット[レッド],攻撃,魔法,5,3700,740,0,20,0,11,0,,,,
ジュエルスター,ガーネット[レッド],召喚,魔法,5,200,0,100,0,,,,112,112,112,112
ジュエルスター,ガーネット[レッド],攻撃,魔法,5,3700,740,0,20,0,13,0,,,,
スターシーカー,DS-MT,召喚,物理,5,200,0,100,0,,,,,,,
スターシーカー,DS-MT,召喚,物理,5,200,0,100,0,,,,110,110,110,110
スターシーカー,DS-MT,召喚,物理,5,200,0,100,0,,,,105,105,105,105
スターシーカー,DS-SL,召喚,物理,5,200,0,100,0,,,,105,105,105,105
スターシーカー,DS-SL,召喚,物理,5,200,0,100,0,,,,110,110,110,110
スターシーカー,DS-BG,召喚,物理,5,200,0,100,0,,,,105,105,105,105
スターシーカー,DS-BG,召喚,物理,5,200,0,100,0,,,,110,110,110,110
スターシーカー,DS-DR,召喚,物理,5,200,0,100,0,,,,105,105,105,105
スターシーカー,DS-DR,攻撃,物理,5,3500,700,0,5,0,13,0,,,,
スターシーカー,DS-DR,召喚,物理,5,200,0,100,0,,,,110,110,110,110
スターシーカー,DM-EMP,攻撃,物理,5,3000,600,0,5,0,12,0,,,,
スターシーカー,DM-EMP,攻撃,物理,5,3000,600,0,5,0,13,0,,,,
セフィロト,天龍脚,攻撃,物理,5,4100,820,60,20,0,12,0,,,,
セフィロト,旋風脚,攻撃,物理,5,1900,380,100,70,0,10,0,,,,
セフィロト,真空拳Ⅲ,召喚,物理,5,200,0,100,0,,,,,,,
セフィロト,真空拳Ⅲ,召喚,物理,5,200,0,100,0,,,,106,106,106,106
セフィロト,[インフィニティ]幻影烈雷拳,攻撃,物理,5,1000,500,2,5,0,13,0,,,,
セフィロト,鐵山鼓,攻撃,物理,5,5500,1100,450,120,0,12,0,,,,
セフィロト,双掌打,攻撃,物理,5,5500,1100,450,105,0,13,0,,,,
セフィロト,双掌打,攻撃,物理,5,5500,1100,450,105,0,12,0,,,,
セフィロト,豪烈脚,攻撃,物理,5,5750,1150,420,76,0,13,0,,,,
セフィロト,豪烈脚,攻撃,物理,5,5750,1150,420,76,0,12,0,,,,
セフィロト,竜巻脚,攻撃,物理,5,3700,740,50,50,0,11,0,,,,
セフィロト,竜巻脚,攻撃,物理,5,3700,740,50,50,0,12,0,,,,
セフィロト,半月脚,攻撃,物理,5,2750,550,450,120,0,11,0,,,,
セフィロト,昇空拳,攻撃,物理,5,2000,400,260,52,0,10,0,,,,
セフィロト,昇空拳,攻撃,物理,5,2000,400,200,40,0,10,0,,,,
セフィロト,大地破裂,攻撃,物理,5,4350,870,308,375,0,12,0,,,,
セフィロト,大地破裂,攻撃,物理,5,4350,870,308,375,0,13,0,,,,
セフィロト,大地破裂,召喚,物理,5,200,0,100,0,,,,114,114,114,114
ソウルテイカー,ソウルマスターⅣ,攻撃,魔法,5,6000,1200,20,14,0,14,0,,,,
ソウルテイカー,ソウルマスターⅣ,攻撃,魔法,5,6000,1200,20,14,0,13,0,,,,
ソウルテイカー,ソウルマスターⅣ,召喚,魔法,5,200,0,100,0,,,,,,,
ソウルテイカー,ソウルマスターⅣ,召喚,魔法,5,200,0,100,0,,,,126,126,126,126
ソウルテイカー,ソウルマスターⅡ,召喚,魔法,5,200,0,100,0,,,,,,,
ソウルテイカー,ソウルマスターⅡ,攻撃,魔法,5,5000,1000,20,14,0,14,0,,,,
ソウルテイカー,ソウルマスターⅡ,攻撃,魔法,5,5000,1000,20,14,0,13,0,,,,
ソウルテイカー,ソウルマスターⅢ,召喚,魔法,5,200,0,100,0,,,,,,,
ソウルテイカー,ソウルマスターⅢ,攻撃,魔法,5,5500,1100,20,14,0,13,0,,,,
ソウルテイカー,ソウルマスターⅠ,召喚,魔法,5,200,0,100,0,,,,,,,
ソウルテイカー,ソウルマスターⅠ,攻撃,魔法,5,6000,1200,20,14,0,13,0,,,,
ソウルテイカー,ソウルマスターⅠ,召喚,魔法,5,200,0,100,0,,,,120,120,120,120
ソウルテイカー,スウィフトソウル,攻撃,魔法,5,4500,900,20,14,0,12,0,,,,
ソウルテイカー,ワイルドソウル,攻撃,魔法,5,3000,600,20,14,0,11,0,,,,
ソウルテイカー,ジャイアントソウル,攻撃,魔法,5,3500,700,20,14,0,12,0,,,,
ソードダンサー,飛燕破天,召喚,物理,5,200,0,100,0,,,,103,103,103,103
ソードダンサー,飛燕破天,召喚,物理,5,200,0,100,0,,,,110,110,110,110
ソードダンサー,飛燕裂斬,召喚,物理,5,200,0,100,0,,,,103,103,103,103
ソードダンサー,華麗剣舞,召喚,物理,5,200,0,100,0,,,,103,103,103,103
ソードダンサー,華麗剣舞,召喚,物理,5,200,0,100,0,,,,114,114,114,114
ソードダンサー,飛燕剣_無限,召喚,物理,5,200,0,100,0,,,,,,,
ソードダンサー,飛燕剣_無限,召喚,物理,5,200,0,100,0,,,,114,114,114,114
ダークチェイサー,トリプルリップ,攻撃,物理,5,4000,800,36,19,0,12,0,,,,
ダークチェイサー,トリプルリップ,攻撃,物理,5,4000,800,36,19,0,13,0,,,,
ダークチェイサー,トリプルリップ,召喚,物理,5,200,0,100,0,,,,,,,
ダークチェイサー,レイズ,召喚,物理,5,200,0,100,0,,,,,,,
ダークチェイサー,[インフィニティ]ブレイジング,攻撃,物理,5,1000,500,0,10,0,13,0,,,,
ダークチェイサー,デッドリーショット,攻撃,物理,5,6000,1200,20,42,0,12,0,,,,
ダークチェイサー,デッドリーショット,攻撃,物理,5,6000,1200,20,42,0,13,0,,,,
ダークチェイサー,チェーンバースト,召喚,物理,5,200,0,100,0,,,,120,120,120,120
ダークチェイサー,チェーンバースト,攻撃,物理,5,4500,900,10,20,0,12,0,,,,
ダークチェイサー,サインオブデス,攻撃,物理,5,2613,523,36,19,0,11,0,,,,
ダークチェイサー,サインオブデス,攻撃,物理,5,2600,520,36,19,0,11,0,,,,
ダークチェイサー,トリプルカット,攻撃,物理,5,5000,1000,36,19,0,12,0,,,,
ダークチェイサー,トリプルカット,攻撃,物理,5,5000,1000,36,19,0,13,0,,,,
ダークチェイサー,チャージ,攻撃,物理,5,6250,1250,20,40,0,12,0,,,,
ダークチェイサー,チェーンスイング,攻撃,物理,5,10000,2000,20,40,0,12,0,,,,
ダークチェイサー,チェーンスマッシュ,攻撃,物理,5,6000,1200,10,20,0,13,0,,,,
ダークチェイサー,チェーンスマッシュ,召喚,物理,5,200,0,100,0,,,,120,120,120,120
ダークチェイサー,チェーンスマッシュ,攻撃,物理,5,6000,1200,10,20,0,12,0,,,,
ダークナイト,ソウルスティール,攻撃,物理,5,1760,352,0,30,0,13,0,,,,
ダークナイト,デスハンド,攻撃,物理,5,5500,1100,0,30,0,13,0,,,,
ダークナイト,デスハンド,攻撃,物理,5,5500,1100,0,30,0,14,0,,,,
ダークナイト,カオスガントレット,召喚,物理,5,200,0,100,0,,,,,,,
ダークナイト,カオスガントレット,召喚,物理,5,200,0,100,0,,,,103,103,103,103
ダークナイト,カオスガントレット,召喚,物理,5,200,0,100,0,,,,120,120,120,120
ダークナイト,ディスペア,攻撃,物理,5,7500,1500,0,30,0,14,0,,,,
ダークナイト,ディスペア,召喚,物理,5,200,0,100,0,,,,108,108,108,108
ダークナイト,パワークラッシュ,攻撃,物理,5,4300,860,0,30,0,13,0,,,,
ダークナイト,パワークラッシュ,召喚,物理,5,200,0,100,0,,,,103,103,103,103
ダークナイト,パワークラッシュ,攻撃,物理,5,4300,860,0,30,0,14,0,,,,
ダークナイト,パワーブリッツ,攻撃,物理,5,7000,1400,0,30,0,13,0,,,,
ダークナイト,パワーブリッツ,攻撃,物理,5,7000,1400,0,30,0,14,0,,,,
ダークナイト,ストライク,攻撃,物理,5,6600,1320,0,30,0,14,0,,,,
デストロイヤー,上天撃,攻撃,物理,5,3500,700,182,169,0,13,0,,,,
デストロイヤー,強風斬,攻撃,物理,5,4600,920,638,383,0,12,0,,,,
デストロイヤー,強風斬,攻撃,物理,5,4600,920,638,383,0,13,0,,,,
デストロイヤー,強風斬,召喚,物理,5,200,0,100,0,,,,108,108,108,108
デストロイヤー,天破峡乱,攻撃,物理,5,4000,800,150,130,0,12,0,,,,
デストロイヤー,天破峡乱,攻撃,物理,5,4000,800,150,130,0,13,0,,,,
デストロイヤー,天破峡乱,召喚,物理,5,200,0,100,0,,,,,,,
デストロイヤー,槍龍風,召喚,物理,5,200,0,100,0,,,,110,110,110,110
デストロイヤー,パワースパイクⅣ,攻撃,物理,5,4000,800,135,135,0,13,0,,,,
デストロイヤー,パワースパイクⅣ,攻撃,物理,5,4000,800,171,162,0,13,0,,,,
デストロイヤー,パワースパイクⅣ,召喚,物理,5,200,0,100,0,,,,,,,
デストロイヤー,パワースパイクⅣ,攻撃,物理,5,4000,800,135,135,0,12,0,,,,
デストロイヤー,パワースパイクⅣ,攻撃,物理,5,4000,800,171,162,0,12,0,,,,
デストロイヤー,ライトニングランスⅣ,召喚,物理,5,200,0,100,0,,,,,,,
デストロイヤー,ライトニングランスⅣ,召喚,物理,5,200,0,100,0,,,,114,114,114,114
デストロイヤー,[インフィニティ]デッド・エンド,攻撃,物理,5,1000,500,0,10,0,13,0,,,,
デストロイヤー,[インフィニティ]百花繚乱,攻撃,物理,5,1000,500,0,10,0,13,0,,,,
デストロイヤー,クロスブレイク,攻撃,物理,5,1500,300,270,30,0,10,0,,,,
デストロイヤー,バスターランサー,攻撃,物理,5,4250,850,0,24,0,13,0,,,,
デストロイヤー,龍昇槍撃,攻撃,物理,5,5500,1100,396,54,0,12,0,,,,
デストロイヤー,天覇皇斬,攻撃,物理,5,7000,1400,208,125,0,12,0,,,,
デストロイヤー,天覇皇斬,攻撃,物理,5,7000,1400,208,125,0,13,0,,,,
デストロイヤー,天覇皇斬,召喚,物理,5,200,0,100,0,,,,110,110,110,110
デストロイヤー,ハリケーンランス,攻撃,物理,5,6000,1200,196,78,0,13,0,,,,
デストロイヤー,ファストチェストⅢ,攻撃,物理,5,4500,900,300,120,0,11,0,,,,
デストロイヤー,メテオウェーブ,攻撃,物理,5,2750,550,0,0,0,12,0,,,,
デストロイヤー,旋風,攻撃,物理,5,3000,600,0,18,0,11,0,,,,
デストロイヤー,槍龍雷,攻撃,物理,5,200,1800,300,156,0,11,0,,,,
デストロイヤー,旋嵐日蝕,攻撃,物理,5,5000,1000,0,46,0,12,0,,,,
デストロイヤー,旋嵐日蝕,攻撃,物理,5,7500,1500,0,46,0,13,0,,,,
デストロイヤー,疾風,召喚,物理,5,200,0,100,0,,,,,,,
デストロイヤー,ヘビーランス,攻撃,物理,5,3005,601,720,240,0,12,0,,,,
デストロイヤー,十字切り,攻撃,物理,5,2000,400,32,16,0,12,0,,,,
デストロイヤー,十字切り,召喚,物理,5,200,0,100,0,,,,110,110,110,110
デミゴッド,ルイナ,召喚,魔法,5,200,0,100,0,,,,110,110,110,110
デミゴッド,ルイナ,攻撃,魔法,5,3000,600,50,50,0,12,0,,,,
デミゴッド,ルイナ,召喚,魔法,5,200,0,100,0,,,,,,,
デミゴッド,ルイナ,攻撃,魔法,5,4000,800,50,50,0,12,0,,,,
デミゴッド,ルイナ,攻撃,魔法,5,4000,800,50,50,0,13,0,,,,
デミゴッド,マタール,攻撃,魔法,5,4500,900,300,200,0,12,0,,,,
デミゴッド,マタール,攻撃,魔法,5,4500,900,300,200,0,13,0,,,,
デミゴッド,クレンテ,召喚,魔法,5,200,0,100,0,,,,,,,
デミゴッド,クレンテ,召喚,魔法,5,200,0,100,0,,,,110,110,110,110
デミゴッド,クレンテ,攻撃,魔法,5,5500,1100,525,225,0,12,0,,,,
デミゴッド,[インフィニティ]ディヴィーノ,攻撃,魔法,5,1000,500,50,30,0,13,0,,,,
デミゴッド,[インフィニティ]ディヴィーノ,攻撃,魔法,5,1000,500,20,10,0,13,0,,,,
デミゴッド,ランサール,攻撃,魔法,5,3750,750,65,65,0,11,0,,,,
デミゴッド,ランサール,攻撃,魔法,5,3500,750,65,65,0,13,0,,,,
デミゴッド,ランサール,召喚,魔法,5,200,0,100,0,,,,,,,
デミゴッド,フュリア,攻撃,魔法,5,4000,800,125,95,0,12,0,,,,
デミゴッド,フュリア,攻撃,魔法,5,4500,900,360,150,0,12,0,,,,
デミゴッド,ピザール,召喚,魔法,5,200,0,100,0,,,,,,,
デミゴッド,ピザール,召喚,魔法,5,200,0,100,0,,,,114,114,114,114
デミゴッド,コルタル,攻撃,魔法,5,3500,700,110,85,0,11,0,,,,
デミゴッド,コルタル,攻撃,魔法,5,1900,380,100,90,0,12,0,,,,
デミゴッド,コルタル,攻撃,魔法,5,8000,1600,100,90,0,12,0,,,,
デミゴッド,コルタル,攻撃,魔法,5,8000,1600,100,90,0,13,0,,,,
デミゴッド,グロリア,攻撃,魔法,5,6000,1200,230,150,0,12,0,,,,
デミゴッド,グロリア,召喚,魔法,5,200,0,100,0,,,,114,114,114,114
デミゴッド,グロリア,召喚,魔法,5,200,0,100,0,,,,120,120,120,120
デミゴッド,グロリア,攻撃,魔法,5,4000,800,260,130,0,12,0,,,,
デミゴッド,グロリア,攻撃,魔法,5,4000,800,260,130,0,11,0,,,,
ハイランダー,スパイラルシューティング,攻撃,物理,5,3800,760,0,5,0,12,0,,,,
ハイランダー,スパイラルシューティング,攻撃,物理,5,3800,760,0,5,0,13,0,,,,
ハイランダー,スパイラルマッチレス,攻撃,物理,5,4000,800,0,10,0,13,0,,,,
ハイランダー,スパイラルストーム,攻撃,物理,5,3500,700,0,10,0,12,0,,,,
ハイランダー,スパイラルストーム,攻撃,物理,5,3500,700,0,10,0,11,0,,,,
ハイランダー,スパイラルサモン,召喚,物理,5,200,0,100,0,,,,,,,
ハイランダー,スパイラルサモン,召喚,物理,5,200,0,100,0,,,,100,100,100,100
ハイランダー,スパイラルサモン,召喚,物理,5,200,0,100,0,,,,110,110,110,110
ハイランダー,スパイラルエディション,召喚,物理,5,200,0,100,0,,,,120,120,120,120
ハイランダー,スパイラルエディション,攻撃,物理,5,3200,640,0,5,0,11,0,,,,
ハイランダー,スパイラルラッシュ,攻撃,物理,5,6600,1320,0,23,0,13,0,,,,
ハイランダー,スパイラルラッシュ,攻撃,物理,5,6600,1320,0,23,0,11,0,,,,
ハイランダー,スパイラルチャージ,攻撃,物理,5,5000,1000,0,5,0,11,0,,,,
ファントムメイジ,デスソウル[リップ],攻撃,魔法,5,3500,700,0,20,0,11,0,,,,
ファントムメイジ,デスソウル[リップ],攻撃,物理,5,3500,700,0,20,0,11,0,,,,
ファントムメイジ,デスソウル[トリプル],攻撃,物理,5,4250,850,0,20,0,13,0,,,,
ファントムメイジ,デスソウル[トリプル],攻撃,物理,5,4250,850,0,20,0,12,0,,,,
ファントムメイジ,デスソウル[トリプル],攻撃,魔法,5,4250,850,0,20,0,12,0,,,,
ファントムメイジ,デスソウル,召喚,魔法,5,200,0,100,0,,,,,,,
ファントムメイジ,テビルサイド[アタック],攻撃,物理,5,3750,750,0,20,0,12,0,,,,
ファントムメイジ,テビルサイド[アタック],攻撃,魔法,5,3750,750,0,20,0,12,0,,,,
ファントムメイジ,テビルサイド[アタック],攻撃,物理,5,3750,750,0,20,0,13,0,,,,
ファントムメイジ,テビルサイド[アタック],攻撃,魔法,5,3750,750,0,20,0,13,0,,,,
ファントムメイジ,テビルサイド[アタック],召喚,物理,5,200,0,100,0,,,,110,110,110,110
ファントムメイジ,ウィンドミル,召喚,魔法,5,200,0,100,0,,,,,,,
ファントムメイジ,デスソウル[カウンター],攻撃,物理,5,4000,800,0,20,0,12,0,,,,
ファントムメイジ,デスソウル[カウンター],攻撃,魔法,5,4000,800,0,20,0,12,0,,,,
ファントムメイジ,デスソウル[カウンター],攻撃,物理,5,4000,800,0,20,0,11,0,,,,
ファントムメイジ,デスソウル[カウンター],攻撃,魔法,5,4000,800,0,20,0,11,0,,,,
ファントムメイジ,ローズガーデン,召喚,魔法,5,200,0,100,0,,,,,,,
ファントムメイジ,ローズガーデン,召喚,魔法,5,200,0,100,0,,,,100,100,100,100
フェイタルブレイド,ソウルブレイドⅣ,攻撃,物理,5,4250,850,50,130,0,13,0,,,,
フェイタルブレイド,ソウルブレイドⅣ,召喚,物理,5,200,0,100,0,,,,120,120,120,120
フェイタルブレイド,クロスブレイドⅢ,攻撃,物理,5,6000,1200,225,150,0,12,0,,,,
フェイタルブレイド,クロスブレイドⅢ,攻撃,物理,5,6000,1200,225,150,0,13,0,,,,
フェイタルブレイド,イヴェイジョン,攻撃,物理,5,5000,1000,50,130,0,12,0,,,,
フェイタルブレイド,イヴェイジョン,召喚,物理,5,200,0,100,0,,,,,,,
フェイタルブレイド,[インフィニティ]PARANOⅠA,攻撃,物理,5,1000,500,0,10,0,13,0,,,,
フェイタルブレイド,スピリット,攻撃,物理,5,4000,800,50,130,0,10,0,,,,
フェイタルブレイド,スピリット,召喚,物理,5,200,0,100,0,,,,120,120,120,120
フェイタルブレイド,無双乱舞,攻撃,物理,5,3500,700,50,130,0,12,0,,,,
フェイタルブレイド,飛天乱舞,攻撃,物理,5,3500,700,50,130,0,11,0,,,,
フェイタルブレイド,飛天乱舞,攻撃,物理,5,3500,700,50,130,0,12,0,,,,
フェイタルブレイド,ケナインブレイド,攻撃,物理,5,6000,1200,0,0,0,12,0,,,,
フェイタルブレイド,ケナインブレイド,召喚,物理,5,200,0,100,0,,,,110,110,110,110
フェイタルブレイド,ケナインブレイド,攻撃,物理,5,6000,1200,0,0,0,13,0,,,,
フォースマスター,[◆]クランブル,召喚,魔法,5,200,0,100,0,,,,124,124,124,124
フォースマスター,[▲]スペシャルキック,攻撃,魔法,5,6000,1200,520,260,0,12,0,,,,
フォースマスター,[▲]レイボム,攻撃,魔法,5,5000,1000,196,90,0,12,0,,,,
フォースマスター,[▲]レイボム,召喚,魔法,5,200,0,100,0,,,,124,124,124,124
フォースマスター,[インフィニティ]バニッシュメント,攻撃,魔法,5,1000,500,50,30,0,13,0,,,,
フォースマスター,[■]ダークネスデッキ,召喚,魔法,5,200,0,100,0,,,,124,124,124,124
フォースマスター,[◆]ヒットアンドラッシュ,召喚,魔法,5,200,0,100,0,,,,124,124,124,124
フォースマスター,[◆]ヒットアンドラッシュ,攻撃,魔法,5,4250,900,520,260,0,12,0,,,,
フォースマスター,[◆]ハリケーン,召喚,魔法,5,200,0,100,0,,,,118,118,118,118
フォースマスター,[◆]ハリケーン,召喚,魔法,5,200,0,100,0,,,,124,124,124,124
フォースマスター,[■]アルターエゴ,召喚,魔法,5,200,0,100,0,,,,124,124,124,124
フォースマスター,[▲]アッパーカット,攻撃,魔法,5,3150,630,90,80,0,12,0,,,,
フォースマスター,[▲]アッパーカット,召喚,魔法,5,200,0,100,0,,,,124,124,124,124
フォースマスター,[■]ダークマター,召喚,魔法,5,200,0,100,0,,,,124,124,124,124
フライシュッツ,アポカリプスⅣ,攻撃,物理,5,2300,460,100,100,0,12,0,,,,
フライシュッツ,デストロイホール,召喚,物理,5,200,0,100,0,,,,122,122,122,122
フライシュッツ,[インフィニティ]ファントムバースト,召喚,物理,5,200,0,100,0,,,,102,102,102,102
フライシュッツ,ステップバック,攻撃,物理,5,4050,810,750,360,0,12,0,,,,
フライシュッツ,ステップバック,攻撃,物理,5,4050,810,750,360,0,13,0,,,,
フライシュッツ,ステップバック,召喚,物理,5,200,0,100,0,,,,110,110,110,110
フライシュッツ,連射,攻撃,物理,5,3300,660,0,18,0,12,0,,,,
フライシュッツ,連射,召喚,物理,5,200,0,100,0,,,,104,104,104,104
フライシュッツ,連射,攻撃,物理,5,3300,660,0,18,0,11,0,,,,
フライシュッツ,乱射Ⅱ,攻撃,物理,5,5000,1000,0,18,0,12,0,,,,
フライシュッツ,ゴールデンショット,攻撃,物理,5,6000,1200,750,360,0,12,0,,,,
フライシュッツ,ショータイム,召喚,物理,5,200,0,100,0,,,,104,104,104,104
フライシュッツ,ショータイム,召喚,物理,5,200,0,100,0,,,,132,132,132,132
フライシュッツ,ガンプレイノワールⅡ,攻撃,物理,5,3750,750,0,16,0,13,0,,,,
ブラックソード,破壊の影,召喚,物理,5,200,0,100,0,,,,,,,
ブラックソード,破壊の影,召喚,物理,5,200,0,100,0,,,,114,114,114,114
ブラックソード,破壊の影,召喚,物理,5,200,0,100,0,,,,110,110,110,110
ブラックソード,憤怒の影,攻撃,物理,5,4300,860,0,0,0,12,0,,,,
ブラックソード,憤怒の影,攻撃,物理,5,4300,860,0,0,0,13,0,,,,
ブラックソード,狂気の影,攻撃,物理,5,315,63,240,36,0,11,0,,,,
ブラックソード,狂気の影,召喚,物理,5,200,0,100,0,,,,,,,
ブラックソード,狂気の影,召喚,物理,5,200,0,100,0,,,,132,132,132,132
ブラックソード,影剣,攻撃,物理,5,6000,1200,162,18,0,13,0,,,,
ブラックソード,影剣,召喚,物理,5,200,0,100,0,,,,,,,
ブラックソード,影剣,攻撃,物理,5,6000,1200,162,18,0,12,0,,,,
ブラックソード,影踊り,攻撃,物理,5,4000,800,0,22,0,12,0,,,,
ブラックソード,影踊り,召喚,物理,5,200,0,100,0,,,,122,122,122,122
ブラックソード,影刃,召喚,物理,5,200,0,100,0,,,,122,122,122,122
ブラックソード,影刃,召喚,物理,5,200,0,100,0,,,,,,,
ブラックソード,[インフィニティ]消滅の影,攻撃,物理,5,1000,500,0,20,0,13,0,,,,
ブラックソード,[インフィニティ]影の一閃,攻撃,物理,5,1200,600,0,100,0,13,0,,,,
ブラックソード,漆黒の影,攻撃,物理,5,3600,720,0,0,0,10,0,,,,
ブラックソード,漆黒の影,召喚,物理,5,200,0,100,0,,,,112,112,112,112
ブラックソード,漆黒の影,攻撃,物理,5,3600,720,0,0,0,11,0,,,,
ブラックソード,漆黒の影,攻撃,物理,5,3600,720,0,0,0,12,0,,,,
ブラックソード,漆黒の影,攻撃,物理,5,3600,720,0,0,0,13,0,,,,
ブラックソード,魅惑の影,攻撃,物理,5,4000,800,0,0,0,10,0,,,,
ブラックソード,幻影の影,召喚,物理,5,200,0,100,0,,,,122,122,122,122
ブラックソード,幻影の影,召喚,物理,5,200,0,100,0,,,,,,,
ホーリーセイバー,ガードラッシュ,攻撃,物理,5,3200,640,50,100,0,12,0,,,,
ホーリーセイバー,ガードラッシュ,攻撃,物理,5,3200,640,50,100,0,13,0,,,,
ホーリーセイバー,ソードブレス,攻撃,物理,5,4000,800,110,70,0,12,0,,,,
ホーリーセイバー,ソードブレス,召喚,物理,5,200,0,100,0,,,,120,120,120,120
ホーリーセイバー,ソードブレス,召喚,物理,5,200,0,100,0,,,,110,110,110,110
ホーリーセイバー,光の審判,召喚,物理,5,200,0,100,0,,,,,,,
ホーリーセイバー,光の審判,召喚,物理,5,200,0,100,0,,,,114,114,114,114
ホーリーセイバー,ハンマータイフーンⅢ,攻撃,物理,5,2000,400,30,50,0,11,0,,,,
ホーリーセイバー,ハンマータイフーンⅢ,召喚,物理,5,200,0,100,0,,,,126,126,126,126
ホーリーセイバー,ゴッドバーストⅣ,攻撃,物理,5,4500,900,260,130,0,11,0,,,,
ホーリーセイバー,ゴッドバーストⅣ,攻撃,物理,5,4500,900,200,100,0,11,0,,,,
ホーリーセイバー,パワーグラインドⅣ,攻撃,物理,5,3400,680,10,30,0,12,0,,,,
ホーリーセイバー,パワーグラインドⅣ,召喚,物理,5,200,0,100,0,,,,120,120,120,120
ホーリーセイバー,パワーグラインドⅣ,召喚,物理,5,200,0,100,0,,,,140,140,140,140
ホーリーセイバー,パワーグラインドⅣ,攻撃,物理,5,3400,680,10,20,0,12,0,,,,
ホーリーセイバー,[インフィニティ]マジェスティックブルー,攻撃,物理,5,1000,500,0,10,0,13,0,,,,
ホーリーセイバー,[インフィニティ]ヘブン＆ヘール,攻撃,物理,5,3000,1100,0,10,0,13,0,,,,
ホーリーセイバー,レパードクラッシュ,召喚,物理,5,200,0,100,0,,,,120,120,120,120
ホーリーセイバー,レパードクラッシュ,攻撃,物理,5,4350,870,468,104,0,12,0,,,,
ホーリーセイバー,シールドチャージ[片手剣],攻撃,物理,5,3000,600,1050,210,0,11,0,,,,
ホーリーセイバー,シールドブーメラン[片手剣],攻撃,物理,5,5000,1000,1050,210,0,12,0,,,,
ホーリーセイバー,シールドブーメラン[片手剣],攻撃,物理,5,5000,1000,1050,210,0,13,0,,,,
ホーリーセイバー,シールドブーメラン[鈍器],攻撃,物理,5,2400,480,1050,210,0,11,0,,,,
ホーリーセイバー,W.ブレイク,攻撃,物理,5,2250,450,20,40,0,10,0,,,,
ホーリーセイバー,シールドクラッシュⅢ,攻撃,物理,5,6000,1200,225,120,0,13,0,,,,
ホーリーセイバー,ダブルヒット,攻撃,物理,5,4500,900,1050,210,0,11,0,,,,
ホーリーセイバー,カウンターショット,攻撃,物理,5,7000,1400,1050,210,0,12,0,,,,
ホーリーセイバー,カウンターショット,攻撃,物理,5,7000,1400,1050,210,0,13,0,,,,
ホーリーセイバー,デスブロー,攻撃,物理,5,4250,850,520,104,0,12,0,,,,
ホーリーセイバー,デスブロー,攻撃,物理,5,4250,850,520,104,0,13,0,,,,
ホーリーセイバー,ハンマークラッシュⅢ,攻撃,物理,5,10000,2000,0,10,0,12,0,,,,
ホーリーセイバー,ハンマークラッシュⅢ,攻撃,物理,5,5000,1000,0,10,0,13,0,,,,
ホーリーセイバー,シールドチャージ[鈍器],攻撃,物理,5,3000,600,1050,210,0,11,0,,,,
ホーリーセイバー,スプラッシュパントⅡ,攻撃,物理,5,3500,700,20,24,0,12,0,,,,
ホーリーセイバー,パワーバーム,攻撃,物理,5,3250,650,1050,210,0,13,0,,,,
マエストロ,[召還]パーカッション,召喚,魔法,5,200,0,100,0,,,,100,100,100,100
マエストロ,[召還]トランペット,召喚,魔法,5,200,0,100,0,,,,100,100,100,100
マエストロ,[召還]ファシナション,召喚,魔法,5,200,0,100,0,,,,106,106,106,106
マエストロ,[召還]ファシナション,召喚,魔法,5,200,0,100,0,,,,110,110,110,110
マエストロ,グラツィオーソ,攻撃,魔法,5,5500,1100,0,15,0,12,0,,,,
マエストロ,グラツィオーソ,攻撃,魔法,5,5500,1100,0,15,0,13,0,,,,
マニピュレーター,バルカンⅢ,攻撃,物理,5,3600,720,180,180,0,12,0,,,,
マニピュレーター,バルカンⅢ,召喚,物理,5,200,0,100,0,,,,110,110,110,110
マニピュレーター,ライズビーム,召喚,物理,5,200,0,100,0,,,,120,120,120,120
マニピュレーター,アッシュカノンⅡ,召喚,物理,5,200,0,100,0,,,,,,,
マニピュレーター,アッシュカノンⅡ,召喚,物理,5,200,0,100,0,,,,120,120,120,120
マニピュレーター,[インフィニティ]テスラサテライト,召喚,物理,5,200,0,100,0,,,,,,,
マニピュレーター,ライトニング,召喚,物理,5,200,0,100,0,,,,110,110,110,110
マニピュレーター,ガエボルグⅡ,攻撃,物理,5,6000,1200,405,68,0,11,0,,,,
マニピュレーター,ガエボルグⅡ,攻撃,物理,5,6000,1200,405,68,0,13,0,,,,
マニピュレーター,ミステルテインⅡ,攻撃,物理,5,4250,850,732,131,0,11,0,,,,
レイニア,ウォーターフォール,召喚,魔法,5,200,0,100,0,,,,108,108,108,108
レイニア,ウォーターフォール,召喚,魔法,5,200,0,100,0,,,,112,112,112,112
レイニア,ウォーターフォール,召喚,魔法,5,200,0,100,0,,,,110,110,110,110
レイニア,ビッグウェーブ,攻撃,魔法,5,4500,900,0,9,0,11,0,,,,
レイニア,ビッグウェーブ,召喚,魔法,5,200,0,100,0,,,,108,108,108,108
レイニア,ビッグウェーブ,攻撃,魔法,5,4500,900,0,9,0,12,0,,,,
レイニア,ビッグウェーブ,召喚,魔法,5,200,0,100,0,,,,110,110,110,110
レイニア,メイルストゥロム,召喚,魔法,5,200,0,100,0,,,,110,110,110,110
レイニア,ウォータープロテクト,攻撃,魔法,5,2700,520,0,9,0,12,0,,,,
レイニア,ウォータープロテクト,召喚,魔法,5,200,0,100,0,,,,108,108,108,108
レイニア,ウォータープロテクト,召喚,魔法,5,200,0,100,0,,,,110,110,110,110
レイニア,スイングウェーブ,召喚,魔法,5,200,0,100,0,,,,108,108,108,108
レイニア,スイングウェーブ,攻撃,魔法,5,3600,720,0,9,0,12,0,,,,
レイニア,スローイングウェポン,召喚,魔法,5,200,0,100,0,,,,103,103,103,103
ローグマスター,秘技_化刀,召喚,物理,5,200,0,100,0,,,,116,116,116,116
ローグマスター,秘技_化刀,攻撃,物理,5,4000,800,0,9,0,12,0,,,,
ローグマスター,秘技_撹乱,攻撃,物理,5,2700,540,0,9,0,11,0,,,,
ローグマスター,秘技_撹乱,召喚,物理,5,200,0,100,0,,,,,,,
ローグマスター,秘技_幻舞,攻撃,物理,5,3850,770,0,10,0,11,0,,,,
ローグマスター,秘技_幻舞,攻撃,物理,5,3850,770,0,10,0,12,0,,,,
ローグマスター,秘技_乱,召喚,物理,5,200,0,100,0,,,,,,,
ローグマスター,秘技_乱,召喚,物理,5,200,0,100,0,,,,110,110,110,110
ローグマスター,秘技_暗器,攻撃,物理,5,2424,485,0,8,0,10,0,,,,
ローグマスター,秘技_暗器,攻撃,物理,5,2424,485,0,6,0,10,0,,,,
ローグマスター,秘技_雷,攻撃,物理,5,3000,600,0,9,0,13,0,,,,
ローグマスター,秘技_雷,攻撃,物理,5,3000,600,0,9,0,12,0,,,,
ローグマスター,秘技_速,攻撃,物理,5,4500,900,0,9,0,12,0,,,,
ローグマスター,秘技_速,攻撃,物理,5,4500,900,0,9,0,13,0,,,,
ローグマスター,秘技_速,召喚,物理,5,200,0,100,0,,,,118,118,118,118
不明,【コアI】,攻撃,物理,50,7500,150,500,100,0,16,0,,,,
不明,【コアI】,召喚,物理,50,200,0,100,0,,,,80,80,80,80
不明,【コアI】,攻撃,物理,50,3200,32,360,2,0,15,0,,,,
不明,【コアI】,攻撃,魔法,50,3200,32,1120,6,0,15,0,,,,
不明,【コアI】,攻撃,物理,50,3200,32,1120,6,0,15,0,,,,
不明,【コアI】,召喚,物理,50,200,0,100,0,,,,,,,
不明,【コアI】,攻撃,物理,50,3200,32,304,2,0,15,0,,,,
不明,【コアI】,攻撃,魔法,50,3200,32,304,2,0,15,0,,,,
不明,【コアI】,召喚,物理,50,200,0,100,0,,,,100,100,100,100
不明,【コアI】,攻撃,魔法,50,3200,16,1120,6,0,15,0,,,,
不明,【コアI】,攻撃,魔法,50,3200,32,224,2,0,15,0,,,,
不明,【コアI】,攻撃,魔法,50,7500,150,500,100,0,16,0,,,,
不明,【コアⅡ】,攻撃,物理,50,7500,150,500,100,0,16,0,,,,
不明,【コアⅡ】,召喚,物理,50,200,0,100,0,,,,80,80,80,80
不明,【コアⅡ】,攻撃,物理,50,4000,40,500,100,0,15,0,,,,
不明,【コアⅡ】,召喚,物理,50,200,0,100,0,,,,,,,
不明,【コアⅡ】,攻撃,物理,50,5200,52,0,30,0,15,0,,,,
不明,【コアⅡ】,召喚,物理,50,200,0,100,0,,,,100,100,100,100
不明,【コアⅡ】,攻撃,魔法,50,4000,40,500,100,0,15,0,,,,
不明,【コアⅡ】,攻撃,魔法,50,7500,150,500,100,0,16,0,,,,
